{
  "blended_strengths": {
    "NYI": 0.9175705389917621,
    "SJS": 0.7835965513454136,
    "COL": 2.5463084516618806,
    "NJD": 0.9197133472143949,
    "SEA": 0.8395248448538918,
    "VAN": 0.6545199976664459,
    "UTA": 0.9374221348325623,
    "ANA": 0.8924828250953788,
    "OTT": 0.992667585750988,
    "VGK": 1.1234252272915104,
    "PIT": 0.9333508014436368,
    "CHI": 0.6669254802028391,
    "CBJ": 0.7503583263331487,
    "CGY": 0.8555001350359174,
    "MTL": 0.9921777512950812,
    "EDM": 0.970021736515674,
    "NYR": 0.7805338190215825,
    "DAL": 1.0706875278197603,
    "PHI": 0.8501684305447752,
    "STL": 0.7281737086049309,
    "WSH": 1.114806602563738,
    "CAR": 2.1289742165491288,
    "LAK": 0.9534138033519117,
    "BUF": 0.9052723687114046,
    "NSH": 0.7933534637115321,
    "WPG": 0.7560935588366463,
    "FLA": 1.0276674209716237,
    "BOS": 0.845518926271472,
    "TOR": 0.8806224461645963,
    "MIN": 1.0409252740198038,
    "TBL": 1.279908375012271,
    "DET": 1.068314322314301
  },
  "current_games": 643,
  "prior_weight": 0.1,
  "current_wl_weight": 0.7200000000000001,
  "current_metric_weight": 0.18000000000000002,
  "teams": [
    "NYI",
    "SJS",
    "COL",
    "NJD",
    "SEA",
    "VAN",
    "UTA",
    "ANA",
    "OTT",
    "VGK",
    "PIT",
    "CHI",
    "CBJ",
    "CGY",
    "MTL",
    "EDM",
    "NYR",
    "DAL",
    "PHI",
    "STL",
    "WSH",
    "CAR",
    "LAK",
    "BUF",
    "NSH",
    "WPG",
    "FLA",
    "BOS",
    "TOR",
    "MIN",
    "TBL",
    "DET"
  ]
}