{
  "attack": {
    "COL": 0.17430433262642203,
    "DET": -0.02057357251680285,
    "DAL": 0.035504493293135035,
    "NYI": -0.0710645257439341,
    "BOS": -0.016358845331645475,
    "MTL": 0.047471676721888414,
    "SJS": -0.05499157393047626,
    "FLA": -0.018609104708836654,
    "PIT": 0.07131345831008702,
    "CAR": 0.11788494804946759,
    "NSH": -0.01823258294907103,
    "STL": -0.21364296867826252,
    "WPG": -0.08401482352638803,
    "CGY": -0.15599051469139094,
    "VAN": -0.14737498678679925,
    "OTT": 0.039802956295783336,
    "BUF": 0.0402864948301501,
    "WSH": 0.019938123343885013,
    "PHI": -0.14182346389652478,
    "EDM": 0.07646554378859823,
    "ANA": 0.057221647232982155,
    "TOR": -0.06669633459310859,
    "NJD": -0.07373807369074013,
    "CBJ": 0.03268363261663385,
    "MIN": 0.011778650249957019,
    "NYR": -0.1131701828862922,
    "CHI": -0.1917878409043721,
    "TBL": 0.13127456437680418,
    "VGK": -0.004087264323194312,
    "LAK": -0.1067380418285079,
    "UTA": -0.018008632339183296,
    "SEA": -0.13861609598209654
  },
  "defense": {
    "COL": 0.01202609940519131,
    "DET": -0.022070039806351388,
    "DAL": -0.01969545838941522,
    "NYI": 0.09416856599756909,
    "BOS": 0.06321267619461612,
    "MTL": 0.012768934438612739,
    "SJS": -0.01485339145369672,
    "FLA": -0.009738789130390512,
    "PIT": -0.0038775831767629866,
    "CAR": -0.06440693281034468,
    "NSH": 0.010496111740187157,
    "STL": -0.02895745018135731,
    "WPG": 0.03848413572563468,
    "CGY": 0.018834941801942187,
    "VAN": 0.006286037725534835,
    "OTT": -0.12327738082364796,
    "BUF": 0.06571680886186963,
    "WSH": 0.041326910515869834,
    "PHI": -0.0465440009983772,
    "EDM": -0.025852055060697845,
    "ANA": 0.013527679862657738,
    "TOR": 0.007777625369992644,
    "NJD": -0.008215484445526383,
    "CBJ": 0.017381040455000153,
    "MIN": -0.011088361464041428,
    "NYR": 0.04893960900107678,
    "CHI": 0.027709075499984546,
    "TBL": -0.007112316758472674,
    "VGK": -0.10264631071078781,
    "LAK": -0.03882957152314505,
    "UTA": 0.020428707841992296,
    "SEA": 0.021933154317468135
  },
  "home_adv": 0.03702776608637523,
  "log_mu": 1.1533963789509318,
  "rho": 0.08671350396259452,
  "xi": 0.005,
  "current_games": 1109,
  "prior_weight": 0.0,
  "curr_wl_weight": 0.4,
  "curr_metric_weight": 0.6,
  "goalie_ratings": {
    "Igor Shesterkin": {
      "log_adj": 0.132,
      "gsax": 19.599999999999994,
      "gsax_pg": 0.45581395348837195,
      "games": 43,
      "team": "NYR"
    },
    "Justus Annunen": {
      "log_adj": 0.027404347826086906,
      "gsax": 1.9099999999999966,
      "gsax_pg": 0.08304347826086941,
      "games": 23,
      "team": "NSH"
    },
    "Connor Ingram": {
      "log_adj": -0.027087499999999987,
      "gsax": -1.9699999999999989,
      "gsax_pg": -0.08208333333333329,
      "games": 24,
      "team": "EDM"
    },
    "Daniil Tarasov": {
      "log_adj": -0.03698749999999997,
      "gsax": -2.6899999999999977,
      "gsax_pg": -0.11208333333333324,
      "games": 24,
      "team": "FLA"
    },
    "Juuse Saros": {
      "log_adj": -0.050017647058823465,
      "gsax": -7.72999999999999,
      "gsax_pg": -0.15156862745098018,
      "games": 51,
      "team": "NSH"
    },
    "Karel Vejmelka": {
      "log_adj": 0.0735962264150943,
      "gsax": 11.819999999999993,
      "gsax_pg": 0.22301886792452819,
      "games": 53,
      "team": "UTA"
    },
    "Jacob Fowler": {
      "log_adj": 0.03223846153846162,
      "gsax": 1.2700000000000031,
      "gsax_pg": 0.09769230769230794,
      "games": 13,
      "team": "MTL"
    },
    "Alex Nedeljkovic": {
      "log_adj": -0.009487500000000018,
      "gsax": -0.9200000000000017,
      "gsax_pg": -0.028750000000000053,
      "games": 32,
      "team": "SJS"
    },
    "Thatcher Demko": {
      "log_adj": 0.03266999999999995,
      "gsax": 1.9799999999999969,
      "gsax_pg": 0.09899999999999984,
      "games": 20,
      "team": "VAN"
    },
    "Linus Ullmark": {
      "log_adj": -0.132,
      "gsax": -16.47,
      "gsax_pg": -0.41174999999999995,
      "games": 40,
      "team": "OTT"
    },
    "Dan Vladar": {
      "log_adj": 0.10636744186046512,
      "gsax": 13.86,
      "gsax_pg": 0.32232558139534884,
      "games": 43,
      "team": "PHI"
    },
    "Ilya Sorokin": {
      "log_adj": 0.132,
      "gsax": 23.340000000000003,
      "gsax_pg": 0.5427906976744187,
      "games": 43,
      "team": "NYI"
    },
    "Jake Oettinger": {
      "log_adj": 0.023906666666666708,
      "gsax": 3.260000000000005,
      "gsax_pg": 0.07244444444444456,
      "games": 45,
      "team": "DAL"
    },
    "Joel Hofer": {
      "log_adj": 0.07902162162162163,
      "gsax": 8.86,
      "gsax_pg": 0.23945945945945946,
      "games": 37,
      "team": "STL"
    },
    "Akira Schmid": {
      "log_adj": -0.009705882352941177,
      "gsax": -1.0,
      "gsax_pg": -0.029411764705882353,
      "games": 34,
      "team": "VGK"
    },
    "Arturs Silovs": {
      "log_adj": -0.039500000000000035,
      "gsax": -3.950000000000003,
      "gsax_pg": -0.11969696969696979,
      "games": 33,
      "team": "PIT"
    },
    "Jeremy Swayman": {
      "log_adj": 0.132,
      "gsax": 27.139999999999986,
      "gsax_pg": 0.577446808510638,
      "games": 47,
      "team": "BOS"
    },
    "Connor Hellebuyck": {
      "log_adj": 0.05013191489361693,
      "gsax": 7.139999999999986,
      "gsax_pg": 0.15191489361702099,
      "games": 47,
      "team": "WPG"
    },
    "Dennis Hildeby": {
      "log_adj": 0.132,
      "gsax": 8.909999999999997,
      "gsax_pg": 0.46894736842105245,
      "games": 19,
      "team": "TOR"
    },
    "Darcy Kuemper": {
      "log_adj": -0.004681395348837205,
      "gsax": -0.6099999999999994,
      "gsax_pg": -0.014186046511627894,
      "games": 43,
      "team": "LAK"
    },
    "Filip Gustavsson": {
      "log_adj": 0.06645,
      "gsax": 8.86,
      "gsax_pg": 0.20136363636363636,
      "games": 44,
      "team": "MIN"
    },
    "Kevin Lankinen": {
      "log_adj": -0.10331538461538457,
      "gsax": -12.209999999999994,
      "gsax_pg": -0.3130769230769229,
      "games": 39,
      "team": "VAN"
    },
    "Andrei Vasilevskiy": {
      "log_adj": 0.132,
      "gsax": 21.169999999999987,
      "gsax_pg": 0.4410416666666664,
      "games": 48,
      "team": "TBL"
    },
    "Jonas Johansson": {
      "log_adj": -0.11639999999999996,
      "gsax": -7.759999999999998,
      "gsax_pg": -0.3527272727272726,
      "games": 22,
      "team": "TBL"
    },
    "Carter Hart": {
      "log_adj": -0.132,
      "gsax": -9.2,
      "gsax_pg": -0.7666666666666666,
      "games": 12,
      "team": "VGK"
    },
    "Adin Hill": {
      "log_adj": -0.132,
      "gsax": -10.780000000000001,
      "gsax_pg": -0.5133333333333334,
      "games": 21,
      "team": "VGK"
    },
    "Lukas Dostal": {
      "log_adj": 0.01739375000000001,
      "gsax": 2.530000000000001,
      "gsax_pg": 0.05270833333333336,
      "games": 48,
      "team": "ANA"
    },
    "Dustin Wolf": {
      "log_adj": -0.012671999999999918,
      "gsax": -1.9199999999999875,
      "gsax_pg": -0.03839999999999975,
      "games": 50,
      "team": "CGY"
    },
    "Leevi Merilinen": {
      "log_adj": -0.132,
      "gsax": -17.299999999999997,
      "gsax_pg": -0.8649999999999999,
      "games": 20,
      "team": "OTT"
    },
    "Anthony Stolarz": {
      "log_adj": -0.12300000000000004,
      "gsax": -8.200000000000003,
      "gsax_pg": -0.37272727272727285,
      "games": 22,
      "team": "TOR"
    },
    "Ukko-Pekka Luukkonen": {
      "log_adj": 0.11679642857142854,
      "gsax": 9.909999999999997,
      "gsax_pg": 0.3539285714285713,
      "games": 28,
      "team": "BUF"
    },
    "Joey Daccord": {
      "log_adj": -0.010057142857142867,
      "gsax": -1.2800000000000011,
      "gsax_pg": -0.030476190476190504,
      "games": 42,
      "team": "SEA"
    },