{
  "attack": {
    "FLA": -0.02312152927712141,
    "WSH": 0.011002044113345141,
    "CBJ": 0.01820460232885831,
    "DET": -0.024886942999594954,
    "UTA": -0.0189941629580331,
    "PHI": -0.1459130700204809,
    "TBL": 0.12552400302233024,
    "BUF": 0.03432594374265496,
    "WPG": -0.08992855617404064,
    "SEA": -0.14383340450500676,
    "DAL": 0.02285553866885364,
    "NYR": -0.13056351198381685,
    "LAK": -0.11122247108197354,
    "OTT": 0.03218350300549189,
    "STL": -0.21770636671355117,
    "CAR": 0.12909430941507072,
    "NJD": -0.07768429817951249,
    "ANA": 0.05711713075268875,
    "BOS": -0.020586224349599926,
    "VAN": -0.15193856414782259,
    "CHI": -0.19857534831987478,
    "EDM": 0.07206471435599915,
    "TOR": -0.07094888704742434,
    "MTL": 0.04270179210357635,
    "NYI": -0.08441875857614234,
    "SJS": -0.059368757210315815,
    "COL": 0.1627977399199142,
    "CGY": -0.16093412546594577,
    "PIT": 0.05850703070717205,
    "MIN": 0.007479581935339437,
    "NSH": -0.02380676249634604,
    "VGK": -0.007896971467217516
  },
  "defense": {
    "FLA": -0.00882444876154314,
    "WSH": 0.0373833190829939,
    "CBJ": 0.01582724925517987,
    "DET": -0.02184621101784505,
    "UTA": 0.017743489679790923,
    "PHI": -0.046156820471939176,
    "TBL": -0.01490767493373011,
    "BUF": 0.059891660162568736,
    "WPG": 0.038239952855360165,
    "SEA": 0.023298374568398606,
    "DAL": -0.018373703893998866,
    "NYR": 0.05105304760892245,
    "LAK": -0.03782171906784347,
    "OTT": -0.12550630835008797,
    "STL": -0.028518700778633787,
    "CAR": -0.0625118970560524,
    "NJD": -0.00786411119455976,
    "ANA": 0.007380160361837383,
    "BOS": 0.06348116077918008,
    "VAN": 0.006536185567696529,
    "CHI": 0.026443087368325912,
    "EDM": -0.02522881370839537,
    "TOR": 0.007667404956062537,
    "MTL": 0.01339089594778162,
    "NYI": 0.09513046909033322,
    "SJS": -0.014546814421332398,
    "COL": 0.01189702300212879,
    "CGY": 0.02095039376332384,
    "PIT": 0.009023662380328463,
    "MIN": -0.011306250540984837,
    "NSH": 0.009422374150939716,
    "VGK": -0.1036049612542661
  },
  "home_adv": 0.03705456333885097,
  "log_mu": 1.1670086739048355,
  "rho": 0.09160788977746218,
  "xi": 0.005,
  "current_games": 1119,
  "prior_weight": 0.0,
  "curr_wl_weight": 0.4,
  "curr_metric_weight": 0.6,
  "goalie_ratings": {
    "Igor Shesterkin": {
      "log_adj": 0.132,
      "gsax": 20.330000000000013,
      "gsax_pg": 0.4620454545454548,
      "games": 44,
      "team": "NYR"
    },
    "Justus Annunen": {
      "log_adj": 0.027404347826086906,
      "gsax": 1.9099999999999966,
      "gsax_pg": 0.08304347826086941,
      "games": 23,
      "team": "NSH"
    },
    "Daniil Tarasov": {
      "log_adj": -0.03698749999999997,
      "gsax": -2.6899999999999977,
      "gsax_pg": -0.11208333333333324,
      "games": 24,
      "team": "FLA"
    },
    "Juuse Saros": {
      "log_adj": -0.04215283018867931,
      "gsax": -6.77000000000001,
      "gsax_pg": -0.12773584905660396,
      "games": 53,
      "team": "NSH"
    },
    "Karel Vejmelka": {
      "log_adj": 0.07156111111111116,
      "gsax": 11.710000000000008,
      "gsax_pg": 0.216851851851852,
      "games": 54,
      "team": "UTA"
    },
    "Jake Oettinger": {
      "log_adj": 0.004232608695652199,
      "gsax": 0.5900000000000034,
      "gsax_pg": 0.012826086956521814,
      "games": 46,
      "team": "DAL"
    },
    "Connor Ingram": {
      "log_adj": -0.0275,
      "gsax": -2.0,
      "gsax_pg": -0.08333333333333333,
      "games": 24,
      "team": "EDM"
    },
    "Petr Mrazek": {
      "log_adj": -0.132,
      "gsax": -7.969999999999999,
      "gsax_pg": -0.7969999999999999,
      "games": 10,
      "team": "ANA"
    },
    "Alex Nedeljkovic": {
      "log_adj": -0.051700000000000024,
      "gsax": -5.170000000000002,
      "gsax_pg": -0.15666666666666673,
      "games": 33,
      "team": "SJS"
    },
    "Sergei Murashov": {
      "log_adj": -0.132,
      "gsax": -3.5199999999999996,
      "gsax_pg": -0.704,
      "games": 5,
      "team": "PIT"
    },
    "Thatcher Demko": {
      "log_adj": 0.03266999999999995,
      "gsax": 1.9799999999999969,
      "gsax_pg": 0.09899999999999984,
      "games": 20,
      "team": "VAN"
    },
    "Linus Ullmark": {
      "log_adj": -0.12419268292682933,
      "gsax": -15.430000000000007,
      "gsax_pg": -0.3763414634146343,
      "games": 41,
      "team": "OTT"
    },
    "Ilya Sorokin": {
      "log_adj": 0.132,
      "gsax": 29.460000000000008,
      "gsax_pg": 0.6404347826086958,
      "games": 46,
      "team": "NYI"
    },
    "Elvis Merzlikins": {
      "log_adj": -0.06364285714285721,
      "gsax": -5.400000000000006,
      "gsax_pg": -0.19285714285714306,
      "games": 28,
      "team": "CBJ"
    },
    "Joonas Korpisalo": {
      "log_adj": -0.04556538461538466,
      "gsax": -3.5900000000000034,
      "gsax_pg": -0.1380769230769232,
      "games": 26,
      "team": "BOS"
    },
    "Ukko-Pekka Luukkonen": {
      "log_adj": 0.1164428571428571,
      "gsax": 9.879999999999995,
      "gsax_pg": 0.3528571428571427,
      "games": 28,
      "team": "BUF"
    },
    "Jake Allen": {
      "log_adj": 0.06754687499999998,
      "gsax": 6.549999999999997,
      "gsax_pg": 0.2046874999999999,
      "games": 32,
      "team": "NJD"
    },
    "Jeremy Swayman": {
      "log_adj": 0.132,
      "gsax": 27.409999999999997,
      "gsax_pg": 0.5710416666666666,
      "games": 48,
      "team": "BOS"
    },
    "Connor Hellebuyck": {
      "log_adj": 0.058781250000000076,
      "gsax": 8.550000000000011,
      "gsax_pg": 0.17812500000000023,
      "games": 48,
      "team": "WPG"
    },
    "Darcy Kuemper": {
      "log_adj": -0.005025000000000013,
      "gsax": -0.6700000000000017,
      "gsax_pg": -0.015227272727272766,
      "games": 44,
      "team": "LAK"
    },
    "Eric Comrie": {
      "log_adj": 0.04650000000000003,
      "gsax": 3.1000000000000014,
      "gsax_pg": 0.14090909090909098,
      "games": 22,
      "team": "WPG"
    },
    "Carl Lindbom": {
      "log_adj": -0.132,
      "gsax": -4.16,
      "gsax_pg": -0.52,
      "games": 8,
      "team": "VGK"
    },
    "Dan Vladar": {
      "log_adj": 0.09554999999999997,
      "gsax": 12.739999999999995,
      "gsax_pg": 0.28954545454545444,
      "games": 44,
      "team": "PHI"
    },
    "Scott Wedgewood": {
      "log_adj": 0.12768461538461542,
      "gsax": 15.090000000000003,
      "gsax_pg": 0.38692307692307704,
      "games": 39,
      "team": "COL"
    },
    "David Rittich": {
      "log_adj": 0.049264285714285795,
      "gsax": 4.180000000000007,
      "gsax_pg": 0.14928571428571452,
      "games": 28,
      "team": "NYI"
    },
    "Dustin Wolf": {
      "log_adj": -0.012671999999999918,
      "gsax": -1.9199999999999875,
      "gsax_pg": -0.03839999999999975,
      "games": 50,
      "team": "CGY"
    },
    "Frederik Andersen": {
      "log_adj": -0.05950999999999996,
      "gsax": -5.409999999999997,
      "gsax_pg": -0.1803333333333332,
      "games": 30,
      "team": "CAR"
    },
    "Charlie Lindgren": {
      "log_adj": -0.017159999999999988,
      "gsax": -1.0399999999999991,
      "gsax_pg": -0.051999999999999956,
      "games": 20,
      "team": "WSH"
    },
    "Akira Schmid": {
      "log_adj": -0.009705882352941177,
      "gsax": -1.0,
      "gsax_pg": -0.029411764705882353,
      "games": 34,
      "team": "VGK"
    },
    "Jordan Binnington": {
      "log_adj": -0.132,
      "gsax": -20.439999999999998,
      "gsax_pg": -0.5524324324324323,
      "games": 37,
      "team": "STL"
    },
    "Stuart Skinner": {
      "log_adj": 0.06239302325581392,
      "gsax": 8.129999999999995,
      "gsax_pg": 0.18906976744186035,
      "games": 43,
      "team": "PIT"
    },
    "Joseph Woll": {
      "log_adj": -0.0089294117647059,
      "gsax": -0.9200000000000017,
      "gsax_pg": -0.027058823529411816,
      "games": 34,
      "team": "TOR"
    },