{
  "attack": {
    "SJS": -0.06554446412191346,
    "DAL": 0.041102453197651684,
    "ANA": 0.04930006123948531,
    "NJD": -0.10278755085078237,
    "NYI": -0.0867799361583345,
    "COL": 0.1676240712709872,
    "BOS": -0.02790954863879327,
    "BUF": 0.026280882774809538,
    "WPG": -0.09246083325398835,
    "NSH": -0.031854304865670646,
    "MIN": 0.005570323578258013,
    "MTL": 0.02800131889248886,
    "TBL": 0.11862106531358367,
    "EDM": 0.07983585843222284,
    "DET": -0.030448061629803135,
    "UTA": -0.013392465527756862,
    "CGY": -0.16529539576046523,
    "STL": -0.2308178619568358,
    "CAR": 0.10288298475379952,
    "WSH": 0.0003695591895946232,
    "VAN": -0.13417274286780564,
    "NYR": -0.14798049318506307,
    "CBJ": 0.008331625065280599,
    "PHI": -0.15423727400825443,
    "OTT": 0.017194291636178735,
    "VGK": -0.004877425795289059,
    "TOR": -0.06162168753979958,
    "SEA": -0.14981566234262123,
    "PIT": 0.031981856467252934,
    "CHI": -0.19903104635352775,
    "FLA": -0.00633916781409774,
    "LAK": -0.11881488208967042
  },
  "defense": {
    "SJS": -0.008112697450826913,
    "DAL": -0.011508169167158425,
    "ANA": -0.0008721646030958458,
    "NJD": 0.00838531150182058,
    "NYI": 0.10483934573646414,
    "COL": 0.022347262204887725,
    "BOS": 0.06650789177864982,
    "BUF": 0.06210975024031015,
    "WPG": 0.04838349200882612,
    "NSH": -0.02114346812392098,
    "MIN": -0.008376353241203855,
    "MTL": -0.005193957738154609,
    "TBL": 0.0012862678251367998,
    "EDM": -0.01866472317906005,
    "DET": -0.017978582206713747,
    "UTA": 0.019160534239712576,
    "CGY": 0.03237073123644599,
    "STL": -0.049567352244668704,
    "CAR": -0.06434223402071977,
    "WSH": 0.03552727853009183,
    "VAN": 0.023095513878358384,
    "NYR": 0.04530456314621982,
    "CBJ": 0.035764072407378264,
    "PHI": -0.05767590409988296,
    "OTT": -0.13045364534992163,
    "VGK": -0.1276154648056436,
    "TOR": -0.02403957652185333,
    "SEA": 0.034033391184391124,
    "PIT": -0.0009294167862178709,
    "CHI": 0.020172930164688574,
    "FLA": -0.00989069547533903,
    "LAK": -0.017014374319437545
  },
  "home_adv": 0.04367001332224555,
  "log_mu": 1.179207093815126,
  "rho": 0.09987700227562264,
  "xi": 0.005,
  "current_games": 999,
  "prior_weight": 0.0,
  "curr_wl_weight": 0.4,
  "curr_metric_weight": 0.6,
  "goalie_ratings": {
    "Igor Shesterkin": {
      "log_adj": 0.132,
      "gsax": 16.36,
      "gsax_pg": 0.43052631578947365,
      "games": 38,
      "team": "NYR"
    },
    "Karel Vejmelka": {
      "log_adj": 0.0737448979591836,
      "gsax": 10.949999999999989,
      "gsax_pg": 0.2234693877551018,
      "games": 49,
      "team": "UTA"
    },
    "Jake Oettinger": {
      "log_adj": -0.017407499999999996,
      "gsax": -2.1099999999999994,
      "gsax_pg": -0.052749999999999984,
      "games": 40,
      "team": "DAL"
    },
    "Alex Nedeljkovic": {
      "log_adj": 0.006111111111111111,
      "gsax": 0.5,
      "gsax_pg": 0.018518518518518517,
      "games": 27,
      "team": "SJS"
    },
    "Thatcher Demko": {
      "log_adj": 0.03266999999999995,
      "gsax": 1.9799999999999969,
      "gsax_pg": 0.09899999999999984,
      "games": 20,
      "team": "VAN"
    },
    "Logan Thompson": {
      "log_adj": 0.132,
      "gsax": 24.379999999999995,
      "gsax_pg": 0.5669767441860464,
      "games": 43,
      "team": "WSH"
    },
    "Devin Cooley": {
      "log_adj": 0.132,
      "gsax": 18.730000000000004,
      "gsax_pg": 0.8513636363636365,
      "games": 22,
      "team": "CGY"
    },
    "Carl Lindbom": {
      "log_adj": -0.132,
      "gsax": -4.16,
      "gsax_pg": -0.52,
      "games": 8,
      "team": "VGK"
    },
    "Jacob Markstrom": {
      "log_adj": -0.05317714285714287,
      "gsax": -5.640000000000001,
      "gsax_pg": -0.16114285714285717,
      "games": 35,
      "team": "NJD"
    },
    "Arturs Silovs": {
      "log_adj": 0.008762068965517197,
      "gsax": 0.769999999999996,
      "gsax_pg": 0.026551724137930898,
      "games": 29,
      "team": "PIT"
    },
    "Charlie Lindgren": {
      "log_adj": -0.05575263157894739,
      "gsax": -3.210000000000001,
      "gsax_pg": -0.16894736842105268,
      "games": 19,
      "team": "WSH"
    },
    "Jonathan Quick": {
      "log_adj": -0.11188571428571426,
      "gsax": -7.119999999999997,
      "gsax_pg": -0.33904761904761893,
      "games": 21,
      "team": "NYR"
    },
    "Dustin Wolf": {
      "log_adj": -0.026253333333333323,
      "gsax": -3.5799999999999983,
      "gsax_pg": -0.07955555555555552,
      "games": 45,
      "team": "CGY"
    },
    "Leevi Merilinen": {
      "log_adj": -0.132,
      "gsax": -17.299999999999997,
      "gsax_pg": -0.8649999999999999,
      "games": 20,
      "team": "OTT"
    },
    "Samuel Ersson": {
      "log_adj": -0.132,
      "gsax": -17.689999999999998,
      "gsax_pg": -0.7075999999999999,
      "games": 25,
      "team": "PHI"
    },
    "Yaroslav Askarov": {
      "log_adj": -0.08089230769230771,
      "gsax": -9.560000000000002,
      "gsax_pg": -0.24512820512820518,
      "games": 39,
      "team": "SJS"
    },
    "Petr Mrazek": {
      "log_adj": -0.132,
      "gsax": -7.969999999999999,
      "gsax_pg": -0.7969999999999999,
      "games": 10,
      "team": "ANA"
    },
    "David Rittich": {
      "log_adj": 0.08474400000000003,
      "gsax": 6.420000000000002,
      "gsax_pg": 0.2568000000000001,
      "games": 25,
      "team": "NYI"
    },
    "Nikita Tolopilo": {
      "log_adj": 0.06041538461538468,
      "gsax": 2.3800000000000026,
      "gsax_pg": 0.18307692307692328,
      "games": 13,
      "team": "VAN"
    },
    "Pyotr Kochetkov": {
      "log_adj": -0.0011000000000000417,
      "gsax": -0.030000000000001137,
      "gsax_pg": -0.0033333333333334597,
      "games": 9,
      "team": "CAR"
    },
    "Linus Ullmark": {
      "log_adj": -0.132,
      "gsax": -18.97,
      "gsax_pg": -0.5419999999999999,
      "games": 35,
      "team": "OTT"
    },
    "Ilya Sorokin": {
      "log_adj": 0.132,
      "gsax": 28.129999999999995,
      "gsax_pg": 0.7212820512820511,
      "games": 39,
      "team": "NYI"
    },
    "Jeremy Swayman": {
      "log_adj": 0.132,
      "gsax": 20.5,
      "gsax_pg": 0.5,
      "games": 41,
      "team": "BOS"
    },
    "Jordan Binnington": {
      "log_adj": -0.132,
      "gsax": -23.019999999999996,
      "gsax_pg": -0.6770588235294116,
      "games": 34,
      "team": "STL"
    },
    "Spencer Knight": {
      "log_adj": 0.08304999999999994,
      "gsax": 10.569999999999993,
      "gsax_pg": 0.2516666666666665,
      "games": 42,
      "team": "CHI"
    },
    "Calvin Pickard": {
      "log_adj": -0.07301249999999998,
      "gsax": -3.539999999999999,
      "gsax_pg": -0.22124999999999995,
      "games": 16,
      "team": "EDM"
    },
    "Casey DeSmith": {
      "log_adj": 0.132,
      "gsax": 14.819999999999993,
      "gsax_pg": 0.6443478260869562,
      "games": 23,
      "team": "DAL"
    },
    "Elvis Merzlikins": {
      "log_adj": -0.08170799999999998,
      "gsax": -6.189999999999998,
      "gsax_pg": -0.2475999999999999,
      "games": 25,
      "team": "CBJ"
    },
    "Joonas Korpisalo": {
      "log_adj": -0.025437499999999925,
      "gsax": -1.8499999999999943,
      "gsax_pg": -0.0770833333333331,
      "games": 24,
      "team": "BOS"
    },
    "Joel Hofer": {
      "log_adj": 0.01939999999999998,
      "gsax": 1.9399999999999977,
      "gsax_pg": 0.05878787878787872,
      "games": 33,
      "team": "STL"
    },
    "Jacob Fowler": {
      "log_adj": 0.059729999999999964,
      "gsax": 1.8099999999999987,
      "gsax_pg": 0.18099999999999988,
      "games": 10,
      "team": "MTL"
    },
    "Spencer Martin": {
      "log_adj": -0.132,
      "gsax": -4.140000000000001,
      "gsax_pg": -0.6900000000000001,
      "games": 6,
      "team": "NYR"
    },
    "Sergei Murashov": {
      "log_adj": -0.132,
      "gsax": -3.5199999999999996,