{
  "attack": {
    "DET": -0.02456904725454319,
    "CAR": 0.11650755739499051,
    "ANA": 0.05057137771141714,
    "CHI": -0.18629160159603833,
    "COL": 0.1672545715675733,
    "CBJ": 0.023221507902730927,
    "DAL": 0.04214954329845731,
    "NSH": -0.024761759033538895,
    "NJD": -0.06859342682624102,
    "SEA": -0.12936768657349484,
    "BUF": 0.04509344648055015,
    "EDM": 0.09455244881798755,
    "STL": -0.21608631117722027,
    "UTA": -0.014225483695327498,
    "NYR": -0.11394328661257358,
    "TOR": -0.05782058001474448,
    "PIT": 0.07320132626230492,
    "NYI": -0.06007442144722608,
    "LAK": -0.09988757253429535,
    "PHI": -0.14920231918841004,
    "CGY": -0.16505618673431013,
    "TBL": 0.12860695971782699,
    "MIN": 0.02180837531487533,
    "VAN": -0.13519001772580877,
    "OTT": 0.02834431706748028,
    "VGK": -0.0011648353805186356,
    "SJS": -0.038120949142337254,
    "WSH": 0.019982267289733555,
    "WPG": -0.08164487628448355,
    "MTL": 0.045233770863673826,
    "BOS": -0.0212782206641011,
    "FLA": -0.007467500852064993
  },
  "defense": {
    "DET": -0.026606008307233524,
    "CAR": -0.06304602116240157,
    "ANA": 0.0129393812398476,
    "CHI": 0.019441787861417273,
    "COL": 0.012565102966338185,
    "CBJ": 0.024391538548741237,
    "DAL": -0.02525713566300842,
    "NSH": 0.0020899321581057187,
    "NJD": -0.015241455174089456,
    "SEA": 0.024430335752285332,
    "BUF": 0.06324004298356205,
    "EDM": -0.022464784163366766,
    "STL": -0.028137898215797506,
    "UTA": 0.00558041537376059,
    "NYR": 0.04916450493994354,
    "TOR": 0.0020700634988370104,
    "PIT": -0.0006833050315238499,
    "NYI": 0.09743648630008828,
    "LAK": -0.03274062557645133,
    "PHI": -0.044045819406544076,
    "CGY": 0.02243357818536808,
    "TBL": -0.0023749962672205416,
    "MIN": -0.012279969331903513,
    "VAN": 0.016091294661797942,
    "OTT": -0.1182673773801793,
    "VGK": -0.10435860172794831,
    "SJS": -0.007470224858105029,
    "WSH": 0.03954618421294755,
    "WPG": 0.05124317046830487,
    "MTL": 0.013066651777455533,
    "BOS": 0.0589101236036909,
    "FLA": -0.015064986728181299
  },
  "home_adv": 0.038985006800679824,
  "log_mu": 1.1505473875934744,
  "rho": 0.08800806328705792,
  "xi": 0.005,
  "current_games": 1082,
  "prior_weight": 0.0,
  "curr_wl_weight": 0.4,
  "curr_metric_weight": 0.6,
  "goalie_ratings": {
    "Igor Shesterkin": {
      "log_adj": 0.132,
      "gsax": 20.379999999999995,
      "gsax_pg": 0.48523809523809514,
      "games": 42,
      "team": "NYR"
    },
    "Jake Oettinger": {
      "log_adj": 0.012899999999999991,
      "gsax": 1.7199999999999989,
      "gsax_pg": 0.039090909090909065,
      "games": 44,
      "team": "DAL"
    },
    "Alex Nedeljkovic": {
      "log_adj": 0.021009999999999963,
      "gsax": 1.9099999999999966,
      "gsax_pg": 0.06366666666666655,
      "games": 30,
      "team": "SJS"
    },
    "Thatcher Demko": {
      "log_adj": 0.03266999999999995,
      "gsax": 1.9799999999999969,
      "gsax_pg": 0.09899999999999984,
      "games": 20,
      "team": "VAN"
    },
    "Linus Ullmark": {
      "log_adj": -0.132,
      "gsax": -15.969999999999999,
      "gsax_pg": -0.40948717948717944,
      "games": 39,
      "team": "OTT"
    },
    "Ilya Sorokin": {
      "log_adj": 0.132,
      "gsax": 24.560000000000002,
      "gsax_pg": 0.5990243902439025,
      "games": 41,
      "team": "NYI"
    },
    "Karel Vejmelka": {
      "log_adj": 0.04880192307692306,
      "gsax": 7.689999999999998,
      "gsax_pg": 0.14788461538461534,
      "games": 52,
      "team": "UTA"
    },
    "Jeremy Swayman": {
      "log_adj": 0.132,
      "gsax": 22.819999999999993,
      "gsax_pg": 0.507111111111111,
      "games": 45,
      "team": "BOS"
    },
    "Connor Hellebuyck": {
      "log_adj": 0.08440666666666659,
      "gsax": 11.509999999999991,
      "gsax_pg": 0.25577777777777755,
      "games": 45,
      "team": "WPG"
    },
    "Connor Ingram": {
      "log_adj": 0.0038999999999999703,
      "gsax": 0.259999999999998,
      "gsax_pg": 0.011818181818181728,
      "games": 22,
      "team": "EDM"
    },
    "Casey DeSmith": {
      "log_adj": 0.132,
      "gsax": 10.049999999999997,
      "gsax_pg": 0.4019999999999999,
      "games": 25,
      "team": "DAL"
    },
    "Jakub Dobes": {
      "log_adj": 0.040499999999999974,
      "gsax": 4.049999999999997,
      "gsax_pg": 0.12272727272727264,
      "games": 33,
      "team": "MTL"
    },
    "Dennis Hildeby": {
      "log_adj": 0.132,
      "gsax": 8.909999999999997,
      "gsax_pg": 0.46894736842105245,
      "games": 19,
      "team": "TOR"
    },
    "Colten Ellis": {
      "log_adj": 0.004315384615384659,
      "gsax": 0.1700000000000017,
      "gsax_pg": 0.013076923076923208,
      "games": 13,
      "team": "BUF"
    },
    "Carter Hart": {
      "log_adj": -0.132,
      "gsax": -9.2,
      "gsax_pg": -0.7666666666666666,
      "games": 12,
      "team": "VGK"
    },
    "Jacob Markstrom": {
      "log_adj": -0.0935846153846154,
      "gsax": -11.060000000000002,
      "gsax_pg": -0.28358974358974365,
      "games": 39,
      "team": "NJD"
    },
    "Jonathan Quick": {
      "log_adj": -0.09885652173913045,
      "gsax": -6.890000000000001,
      "gsax_pg": -0.2995652173913044,
      "games": 23,
      "team": "NYR"
    },
    "Filip Gustavsson": {
      "log_adj": 0.05763488372093027,
      "gsax": 7.510000000000005,
      "gsax_pg": 0.17465116279069778,
      "games": 43,
      "team": "MIN"
    },
    "Justus Annunen": {
      "log_adj": -0.04855714285714291,
      "gsax": -3.0900000000000034,
      "gsax_pg": -0.1471428571428573,
      "games": 21,
      "team": "NSH"
    },
    "Yaroslav Askarov": {
      "log_adj": -0.09248249999999995,
      "gsax": -11.209999999999994,
      "gsax_pg": -0.28024999999999983,
      "games": 40,
      "team": "SJS"
    },
    "Brandon Bussi": {
      "log_adj": 0.03918749999999997,
      "gsax": 3.799999999999997,
      "gsax_pg": 0.11874999999999991,
      "games": 32,
      "team": "CAR"
    },
    "Philipp Grubauer": {
      "log_adj": 0.07052222222222218,
      "gsax": 5.769999999999996,
      "gsax_pg": 0.21370370370370356,
      "games": 27,
      "team": "SEA"
    },
    "Ukko-Pekka Luukkonen": {
      "log_adj": 0.10242222222222216,
      "gsax": 8.379999999999995,
      "gsax_pg": 0.3103703703703702,
      "games": 27,
      "team": "BUF"
    },
    "Joonas Korpisalo": {
      "log_adj": -0.04556538461538466,
      "gsax": -3.5900000000000034,
      "gsax_pg": -0.1380769230769232,
      "games": 26,
      "team": "BOS"
    },
    "Jake Allen": {
      "log_adj": 0.06830999999999994,
      "gsax": 6.209999999999994,
      "gsax_pg": 0.2069999999999998,
      "games": 30,
      "team": "NJD"
    },
    "Matt Murray": {
      "log_adj": 0.132,
      "gsax": 2.7799999999999994,
      "gsax_pg": 0.5559999999999998,
      "games": 5,
      "team": "SEA"
    },
    "Kevin Lankinen": {
      "log_adj": -0.08588918918918916,
      "gsax": -9.629999999999995,
      "gsax_pg": -0.26027027027027017,
      "games": 37,
      "team": "VAN"
    },
    "Dustin Wolf": {
      "log_adj": -0.017442857142857166,
      "gsax": -2.5900000000000034,
      "gsax_pg": -0.05285714285714293,
      "games": 49,
      "team": "CGY"
    },
    "Nikita Tolopilo": {
      "log_adj": -0.011219999999999957,
      "gsax": -0.509999999999998,
      "gsax_pg": -0.03399999999999987,
      "games": 15,
      "team": "VAN"
    },
    "Spencer Martin": {
      "log_adj": -0.132,
      "gsax": -4.140000000000001,
      "gsax_pg": -0.6900000000000001,
      "games": 6,
      "team": "NYR"
    },
    "Cam Talbot": {
      "log_adj": -0.07955357142857143,
      "gsax": -6.75,
      "gsax_pg": -0.24107142857142858,
      "games": 28,
      "team": "DET"
    },
    "Samuel Montembeault": {
      "log_adj": -0.06494400000000002,
      "gsax": -4.920000000000002,
      "gsax_pg": -0.19680000000000006,
      "games": 25,