{
  "attack": {
    "LAK": -0.11081461156165315,
    "COL": 0.16821055352275277,
    "VGK": -0.02012775652790419,
    "NYI": -0.08264177769655522,
    "WSH": 0.007015344932686272,
    "MIN": 0.020363768031717015,
    "TBL": 0.12530670939964955,
    "BOS": -0.0274211850092268,
    "TOR": -0.06097649620105637,
    "CAR": 0.1285888384838309,
    "NYR": -0.12452268934360142,
    "PHI": -0.13508448522743638,
    "DAL": 0.014538276059713952,
    "NJD": -0.06435979441265038,
    "WPG": -0.08890302988662091,
    "DET": -0.029122377750434105,
    "EDM": 0.06849504077429552,
    "NSH": -0.0327902098821851,
    "ANA": 0.06390321133500991,
    "CHI": -0.20376773556328337,
    "BUF": 0.028923388758651303,
    "OTT": 0.026190304718038928,
    "UTA": -0.0192393458600753,
    "PIT": 0.05847398719856828,
    "STL": -0.22171206105371874,
    "CGY": -0.17002446169416463,
    "VAN": -0.16223500493080312,
    "SEA": -0.1448406448271018,
    "FLA": -0.03141878477610115,
    "SJS": -0.06876876683057813,
    "MTL": 0.043057708393945474,
    "CBJ": 0.0104648924137349
  },
  "defense": {
    "LAK": -0.03761534044989695,
    "COL": 0.013109386288004149,
    "VGK": -0.10560889145516339,
    "NYI": 0.09072339561222048,
    "WSH": 0.04179874772654166,
    "MIN": -0.014769985330352009,
    "TBL": -0.01765578991996032,
    "BOS": 0.06937667094950394,
    "TOR": 0.016566884678962876,
    "CAR": -0.0574248575728593,
    "NYR": 0.04573937415075138,
    "PHI": -0.04936046185578214,
    "DAL": -0.020524547900601903,
    "NJD": -0.016904953472997097,
    "WPG": 0.04388726825140547,
    "DET": -0.02305241578614231,
    "EDM": -0.027773497772030524,
    "NSH": 0.009129288533852059,
    "ANA": 0.002001023543938933,
    "CHI": 0.03601886840040619,
    "BUF": 0.054194703265908084,
    "OTT": -0.1167886919287322,
    "UTA": 0.007994270859129352,
    "PIT": 0.006186334284106076,
    "STL": -0.028566937914076523,
    "CGY": 0.01962721235584715,
    "VAN": 0.014332496149592283,
    "SEA": 0.016538812622168546,
    "FLA": -0.00030625395170205336,
    "SJS": -0.02829015290333494,
    "MTL": 0.025456905644674815,
    "CBJ": 0.016809035703786113
  },
  "home_adv": 0.031346562454151884,
  "log_mu": 1.1728559138467873,
  "rho": 0.09191680030704931,
  "xi": 0.005,
  "current_games": 1149,
  "prior_weight": 0.0,
  "curr_wl_weight": 0.4,
  "curr_metric_weight": 0.6,
  "goalie_ratings": {
    "Igor Shesterkin": {
      "log_adj": 0.132,
      "gsax": 18.349999999999994,
      "gsax_pg": 0.40777777777777763,
      "games": 45,
      "team": "NYR"
    },
    "Justus Annunen": {
      "log_adj": 0.014712500000000003,
      "gsax": 1.0700000000000003,
      "gsax_pg": 0.04458333333333334,
      "games": 24,
      "team": "NSH"
    },
    "Daniil Tarasov": {
      "log_adj": -0.00501599999999994,
      "gsax": -0.37999999999999545,
      "gsax_pg": -0.015199999999999818,
      "games": 25,
      "team": "FLA"
    },
    "Karel Vejmelka": {
      "log_adj": 0.05403749999999993,
      "gsax": 9.169999999999987,
      "gsax_pg": 0.16374999999999978,
      "games": 56,
      "team": "UTA"
    },
    "Jake Oettinger": {
      "log_adj": 0.011444680851063798,
      "gsax": 1.6299999999999955,
      "gsax_pg": 0.03468085106382969,
      "games": 47,
      "team": "DAL"
    },
    "Connor Ingram": {
      "log_adj": -0.028775999999999996,
      "gsax": -2.1799999999999997,
      "gsax_pg": -0.08719999999999999,
      "games": 25,
      "team": "EDM"
    },
    "Carl Lindbom": {
      "log_adj": -0.132,
      "gsax": -4.16,
      "gsax_pg": -0.52,
      "games": 8,
      "team": "VGK"
    },
    "Leevi Merilinen": {
      "log_adj": -0.132,
      "gsax": -17.299999999999997,
      "gsax_pg": -0.8649999999999999,
      "games": 20,
      "team": "OTT"
    },
    "Alex Nedeljkovic": {
      "log_adj": -0.06007941176470586,
      "gsax": -6.189999999999998,
      "gsax_pg": -0.1820588235294117,
      "games": 34,
      "team": "SJS"
    },
    "Juuse Saros": {
      "log_adj": -0.04215283018867931,
      "gsax": -6.77000000000001,
      "gsax_pg": -0.12773584905660396,
      "games": 53,
      "team": "NSH"
    },
    "Thatcher Demko": {
      "log_adj": 0.03266999999999995,
      "gsax": 1.9799999999999969,
      "gsax_pg": 0.09899999999999984,
      "games": 20,
      "team": "VAN"
    },
    "Linus Ullmark": {
      "log_adj": -0.10882142857142854,
      "gsax": -13.849999999999994,
      "gsax_pg": -0.32976190476190465,
      "games": 42,
      "team": "OTT"
    },
    "Jet Greaves": {
      "log_adj": 0.12231063829787225,
      "gsax": 17.419999999999987,
      "gsax_pg": 0.37063829787234015,
      "games": 47,
      "team": "CBJ"
    },
    "Ilya Sorokin": {
      "log_adj": 0.132,
      "gsax": 31.080000000000013,
      "gsax_pg": 0.6612765957446811,
      "games": 47,
      "team": "NYI"
    },
    "Joonas Korpisalo": {
      "log_adj": -0.0526777777777778,
      "gsax": -4.310000000000002,
      "gsax_pg": -0.1596296296296297,
      "games": 27,
      "team": "BOS"
    },
    "Cam Talbot": {
      "log_adj": -0.07955357142857143,
      "gsax": -6.75,
      "gsax_pg": -0.24107142857142858,
      "games": 28,
      "team": "DET"
    },
    "Joel Hofer": {
      "log_adj": 0.09908461538461534,
      "gsax": 11.709999999999994,
      "gsax_pg": 0.3002564102564101,
      "games": 39,
      "team": "STL"
    },
    "Jeremy Swayman": {
      "log_adj": 0.132,
      "gsax": 28.340000000000003,
      "gsax_pg": 0.5904166666666667,
      "games": 48,
      "team": "BOS"
    },
    "Connor Hellebuyck": {
      "log_adj": 0.06808775510204092,
      "gsax": 10.110000000000014,
      "gsax_pg": 0.20632653061224518,
      "games": 49,
      "team": "WPG"
    },
    "Colten Ellis": {
      "log_adj": 0.004315384615384659,
      "gsax": 0.1700000000000017,
      "gsax_pg": 0.013076923076923208,
      "games": 13,
      "team": "BUF"
    },
    "Stuart Skinner": {
      "log_adj": 0.06322500000000006,
      "gsax": 8.430000000000007,
      "gsax_pg": 0.19159090909090926,
      "games": 44,
      "team": "PIT"
    },
    "Darcy Kuemper": {
      "log_adj": 0.013702173913043453,
      "gsax": 1.9099999999999966,
      "gsax_pg": 0.04152173913043471,
      "games": 46,
      "team": "LAK"
    },
    "Matt Murray": {
      "log_adj": 0.132,
      "gsax": 2.7799999999999994,
      "gsax_pg": 0.5559999999999998,
      "games": 5,
      "team": "SEA"
    },
    "Petr Mrazek": {
      "log_adj": -0.132,
      "gsax": -7.969999999999999,
      "gsax_pg": -0.7969999999999999,
      "games": 10,
      "team": "ANA"
    },
    "Vitek Vanecek": {
      "log_adj": -0.021284999999999988,
      "gsax": -1.2899999999999991,
      "gsax_pg": -0.06449999999999996,
      "games": 20,
      "team": "UTA"
    },
    "Sergei Murashov": {
      "log_adj": -0.132,
      "gsax": -3.5199999999999996,
      "gsax_pg": -0.704,
      "games": 5,
      "team": "PIT"
    },
    "James Reimer": {
      "log_adj": -0.033,
      "gsax": -1.0,
      "gsax_pg": -0.1,
      "games": 10,
      "team": "OTT"
    },
    "Calvin Pickard": {
      "log_adj": -0.07301249999999998,
      "gsax": -3.539999999999999,
      "gsax_pg": -0.22124999999999995,
      "games": 16,
      "team": "EDM"
    },
    "Mackenzie Blackwood": {
      "log_adj": 0.09219374999999998,
      "gsax": 8.939999999999998,
      "gsax_pg": 0.27937499999999993,
      "games": 32,
      "team": "COL"
    },
    "Tristan Jarry": {
      "log_adj": -0.03871999999999996,
      "gsax": -3.519999999999996,
      "gsax_pg": -0.1173333333333332,
      "games": 30,
      "team": "EDM"
    },
    "John Gibson": {
      "log_adj": 0.09078367346938769,
      "gsax": 13.47999999999999,
      "gsax_pg": 0.27510204081632633,
      "games": 49,
      "team": "DET"
    },
    "Ukko-Pekka Luukkonen": {
      "log_adj": 0.089896551724138,
      "gsax": 7.900000000000006,
      "gsax_pg": 0.2724137931034485,
      "games": 29,
      "team": "BUF"
    },
    "Casey DeSmith": {
      "log_adj": 0.13004444444444446,