{
  "attack": {
    "NYI": -0.07191431844963009,
    "DAL": 0.034606834724399044,
    "WPG": -0.08473182446110389,
    "LAK": -0.10747609621664872,
    "MIN": 0.011032373664779339,
    "STL": -0.21447062169185807,
    "NYR": -0.1137111451633776,
    "TBL": 0.13026636404647632,
    "CHI": -0.19252028029250234,
    "PHI": -0.1425307716157535,
    "COL": 0.17306336004738607,
    "VGK": -0.004853559386222396,
    "UTA": -0.018632659786946525,
    "TOR": -0.06720970294638315,
    "BUF": 0.03925571667599148,
    "FLA": -0.01920121478667538,
    "SEA": -0.13971530396681658,
    "NJD": -0.07437078153239271,
    "OTT": 0.038993139887026323,
    "ANA": 0.057221647232982155,
    "NSH": -0.01874267314926073,
    "VAN": -0.1482429686312272,
    "PIT": 0.07037384323318005,
    "CAR": 0.11695738887164625,
    "BOS": -0.017130894124728773,
    "EDM": 0.07560069759632612,
    "CBJ": 0.032036043703187786,
    "DET": -0.02127911432376636,
    "WSH": 0.019235073770197925,
    "SJS": -0.05545775599493528,
    "CGY": -0.15725360266448393,
    "MTL": 0.04659900836594453
  },
  "defense": {
    "NYI": 0.09419039747392731,
    "DAL": -0.019935213388207883,
    "WPG": 0.03833742606526246,
    "LAK": -0.03883766918761368,
    "MIN": -0.01135093244710332,
    "STL": -0.029211730265003902,
    "NYR": 0.049038070476347805,
    "TBL": -0.007151476846337823,
    "CHI": 0.02763631868819151,
    "PHI": -0.04643942938165675,
    "COL": 0.012244843900985944,
    "VGK": -0.10289361833086233,
    "UTA": 0.020345438493834883,
    "TOR": 0.008235418253398803,
    "BUF": 0.06570251730143514,
    "FLA": -0.009637030900188248,
    "SEA": 0.021898882478735913,
    "NJD": -0.008159244906064116,
    "OTT": -0.12336395396277698,
    "ANA": 0.013474759242050743,
    "NSH": 0.010447091387495805,
    "VAN": 0.006695265888919638,
    "PIT": -0.004000929514299659,
    "CAR": -0.06455693458026876,
    "BOS": 0.06312343043114178,
    "EDM": -0.026039629095366067,
    "CBJ": 0.017248379279046867,
    "DET": -0.022007832018338922,
    "WSH": 0.04119671994336991,
    "SJS": -0.014653976998128378,
    "CGY": 0.01868603384595926,
    "MTL": 0.012808608128715846
  },
  "home_adv": 0.03812431451226158,
  "log_mu": 1.155256022361686,
  "rho": 0.08523805523888933,
  "xi": 0.005,
  "current_games": 1109,
  "prior_weight": 0.0,
  "curr_wl_weight": 0.4,
  "curr_metric_weight": 0.6,
  "goalie_ratings": {
    "Igor Shesterkin": {
      "log_adj": 0.132,
      "gsax": 19.599999999999994,
      "gsax_pg": 0.45581395348837195,
      "games": 43,
      "team": "NYR"
    },
    "Justus Annunen": {
      "log_adj": 0.027404347826086906,
      "gsax": 1.9099999999999966,
      "gsax_pg": 0.08304347826086941,
      "games": 23,
      "team": "NSH"
    },
    "Connor Ingram": {
      "log_adj": -0.027087499999999987,
      "gsax": -1.9699999999999989,
      "gsax_pg": -0.08208333333333329,
      "games": 24,
      "team": "EDM"
    },
    "Daniil Tarasov": {
      "log_adj": -0.03698749999999997,
      "gsax": -2.6899999999999977,
      "gsax_pg": -0.11208333333333324,
      "games": 24,
      "team": "FLA"
    },
    "Juuse Saros": {
      "log_adj": -0.04334423076923085,
      "gsax": -6.8300000000000125,
      "gsax_pg": -0.13134615384615408,
      "games": 52,
      "team": "NSH"
    },
    "Karel Vejmelka": {
      "log_adj": 0.0735962264150943,
      "gsax": 11.819999999999993,
      "gsax_pg": 0.22301886792452819,
      "games": 53,
      "team": "UTA"
    },
    "Jake Oettinger": {
      "log_adj": 0.023906666666666708,
      "gsax": 3.260000000000005,
      "gsax_pg": 0.07244444444444456,
      "games": 45,
      "team": "DAL"
    },
    "Andrei Vasilevskiy": {
      "log_adj": 0.132,
      "gsax": 21.169999999999987,
      "gsax_pg": 0.4410416666666664,
      "games": 48,
      "team": "TBL"
    },
    "Leevi Merilinen": {
      "log_adj": -0.132,
      "gsax": -17.299999999999997,
      "gsax_pg": -0.8649999999999999,
      "games": 20,
      "team": "OTT"
    },
    "Alex Nedeljkovic": {
      "log_adj": -0.009487500000000018,
      "gsax": -0.9200000000000017,
      "gsax_pg": -0.028750000000000053,
      "games": 32,
      "team": "SJS"
    },
    "Thatcher Demko": {
      "log_adj": 0.03266999999999995,
      "gsax": 1.9799999999999969,
      "gsax_pg": 0.09899999999999984,
      "games": 20,
      "team": "VAN"
    },
    "Linus Ullmark": {
      "log_adj": -0.132,
      "gsax": -16.47,
      "gsax_pg": -0.41174999999999995,
      "games": 40,
      "team": "OTT"
    },
    "Tristan Jarry": {
      "log_adj": -0.042331034482758614,
      "gsax": -3.719999999999999,
      "gsax_pg": -0.1282758620689655,
      "games": 29,
      "team": "EDM"
    },
    "Ville Husso": {
      "log_adj": -0.0006187500000000235,
      "gsax": -0.030000000000001137,
      "gsax_pg": -0.001875000000000071,
      "games": 16,
      "team": "ANA"
    },
    "Ilya Sorokin": {
      "log_adj": 0.132,
      "gsax": 25.47,
      "gsax_pg": 0.5788636363636364,
      "games": 44,
      "team": "NYI"
    },
    "John Gibson": {
      "log_adj": 0.08572978723404251,
      "gsax": 12.209999999999994,
      "gsax_pg": 0.25978723404255305,
      "games": 47,
      "team": "DET"
    },
    "Casey DeSmith": {
      "log_adj": 0.1317461538461538,
      "gsax": 10.379999999999995,
      "gsax_pg": 0.39923076923076906,
      "games": 26,
      "team": "DAL"
    },
    "Samuel Ersson": {
      "log_adj": -0.132,
      "gsax": -15.430000000000007,
      "gsax_pg": -0.5510714285714288,
      "games": 28,
      "team": "PHI"
    },
    "Jeremy Swayman": {
      "log_adj": 0.132,
      "gsax": 27.139999999999986,
      "gsax_pg": 0.577446808510638,
      "games": 47,
      "team": "BOS"
    },
    "Connor Hellebuyck": {
      "log_adj": 0.05013191489361693,
      "gsax": 7.139999999999986,
      "gsax_pg": 0.15191489361702099,
      "games": 47,
      "team": "WPG"
    },
    "Jonathan Quick": {
      "log_adj": -0.09885652173913045,
      "gsax": -6.890000000000001,
      "gsax_pg": -0.2995652173913044,
      "games": 23,
      "team": "NYR"
    },
    "Eric Comrie": {
      "log_adj": 0.04664999999999999,
      "gsax": 3.1099999999999994,
      "gsax_pg": 0.14136363636363633,
      "games": 22,
      "team": "WPG"
    },
    "Adin Hill": {
      "log_adj": -0.132,
      "gsax": -11.009999999999998,
      "gsax_pg": -0.5004545454545454,
      "games": 22,
      "team": "VGK"
    },
    "Arvid Soderblom": {
      "log_adj": -0.06709999999999994,
      "gsax": -4.269999999999996,
      "gsax_pg": -0.20333333333333314,
      "games": 21,
      "team": "CHI"
    },
    "Scott Wedgewood": {
      "log_adj": 0.11515263157894742,
      "gsax": 13.260000000000005,
      "gsax_pg": 0.3489473684210528,
      "games": 38,
      "team": "COL"
    },
    "Cam Talbot": {
      "log_adj": -0.07955357142857143,
      "gsax": -6.75,
      "gsax_pg": -0.24107142857142858,
      "games": 28,
      "team": "DET"
    },
    "Ukko-Pekka Luukkonen": {
      "log_adj": 0.11679642857142854,
      "gsax": 9.909999999999997,
      "gsax_pg": 0.3539285714285713,
      "games": 28,
      "team": "BUF"
    },
    "Jesper Wallstedt": {
      "log_adj": 0.011440000000000068,
      "gsax": 1.0400000000000063,
      "gsax_pg": 0.03466666666666687,
      "games": 30,
      "team": "MIN"
    },
    "Anthony Stolarz": {
      "log_adj": -0.12300000000000004,
      "gsax": -8.200000000000003,
      "gsax_pg": -0.37272727272727285,
      "games": 22,
      "team": "TOR"
    },
    "Alex Lyon": {
      "log_adj": 0.132,
      "gsax": 15.790000000000006,
      "gsax_pg": 0.4644117647058825,
      "games": 34,
      "team": "BUF"
    },
    "Anton Forsberg": {
      "log_adj": 0.03322758620689657,
      "gsax": 2.9200000000000017,
      "gsax_pg": 0.10068965517241385,
      "games": 29,
      "team": "LAK"
    },
    "Akira Schmid": {
      "log_adj": -0.009705882352941177,
      "gsax": -1.0,
      "gsax_pg": -0.029411764705882353,
      "games": 34,
      "team": "VGK"
    },