{
  "attack": {
    "CAR": 0.1278669034014423,
    "MTL": 0.04932150686468823,
    "TOR": -0.06056917491822879,
    "DAL": 0.01833833164940326,
    "DET": -0.029982931898674462,
    "CBJ": 0.0127362241544888,
    "CGY": -0.1662742482091796,
    "WSH": -0.0026343725522951257,
    "UTA": -0.02685821660337081,
    "FLA": -0.025933641608141697,
    "STL": -0.2165556398965604,
    "PIT": 0.05510146405257358,
    "PHI": -0.14911359785874512,
    "CHI": -0.1986266213336804,
    "VGK": -0.018167376411731526,
    "SEA": -0.14350998305951018,
    "BUF": 0.0324656333372792,
    "VAN": -0.15464426964144332,
    "NYR": -0.13328337246509464,
    "LAK": -0.11850208388723688,
    "SJS": -0.06220050263406506,
    "NSH": -0.026013476758300114,
    "NYI": -0.0811986400646584,
    "EDM": 0.0722834380488518,
    "ANA": 0.06284513737826358,
    "WPG": -0.08642956422155554,
    "COL": 0.16532332464326815,
    "MIN": 0.011410766480471976,
    "NJD": -0.06915936598584357,
    "TBL": 0.12940235713169,
    "BOS": -0.026470785538331282,
    "OTT": 0.027407033442122825
  },
  "defense": {
    "CAR": -0.05856097673526335,
    "MTL": 0.020699988251431368,
    "TOR": 0.00934202758050761,
    "DAL": -0.022368536123005114,
    "DET": -0.024282243574865595,
    "CBJ": 0.018108685270884415,
    "CGY": 0.0178419880825802,
    "WSH": 0.038661274019391366,
    "UTA": 0.01448907306397982,
    "FLA": -0.010782816644021784,
    "STL": -0.028540561228726075,
    "PIT": 0.006679570093688079,
    "PHI": -0.04892778463806147,
    "CHI": 0.031865019207638456,
    "VGK": -0.1014503177606276,
    "SEA": 0.018340443321613702,
    "BUF": 0.06068091640642587,
    "VAN": 0.012230989004602802,
    "NYR": 0.0517913045802019,
    "LAK": -0.03980670835037768,
    "SJS": -0.02410253549741142,
    "NSH": 0.009737306678752847,
    "NYI": 0.0890560698922898,
    "EDM": -0.025455555298273945,
    "ANA": 0.006067639524842336,
    "WPG": 0.03796802372412728,
    "COL": 0.014123296331367372,
    "MIN": -0.013695958557915167,
    "NJD": -0.013528951453415672,
    "TBL": -0.008981786312272894,
    "BOS": 0.07340208262004633,
    "OTT": -0.1244722090228509
  },
  "home_adv": 0.03627306800426735,
  "log_mu": 1.1720561974164232,
  "rho": 0.09111158570507369,
  "xi": 0.005,
  "current_games": 1134,
  "prior_weight": 0.0,
  "curr_wl_weight": 0.4,
  "curr_metric_weight": 0.6,
  "goalie_ratings": {
    "Igor Shesterkin": {
      "log_adj": 0.132,
      "gsax": 18.349999999999994,
      "gsax_pg": 0.40777777777777763,
      "games": 45,
      "team": "NYR"
    },
    "Justus Annunen": {
      "log_adj": 0.027404347826086906,
      "gsax": 1.9099999999999966,
      "gsax_pg": 0.08304347826086941,
      "games": 23,
      "team": "NSH"
    },
    "Connor Ingram": {
      "log_adj": -0.0275,
      "gsax": -2.0,
      "gsax_pg": -0.08333333333333333,
      "games": 24,
      "team": "EDM"
    },
    "Juuse Saros": {
      "log_adj": -0.04215283018867931,
      "gsax": -6.77000000000001,
      "gsax_pg": -0.12773584905660396,
      "games": 53,
      "team": "NSH"
    },
    "Karel Vejmelka": {
      "log_adj": 0.05495999999999999,
      "gsax": 9.159999999999997,
      "gsax_pg": 0.1665454545454545,
      "games": 55,
      "team": "UTA"
    },
    "Joseph Woll": {
      "log_adj": 0.008862857142857122,
      "gsax": 0.9399999999999977,
      "gsax_pg": 0.02685714285714279,
      "games": 35,
      "team": "TOR"
    },
    "Daniil Tarasov": {
      "log_adj": -0.03698749999999997,
      "gsax": -2.6899999999999977,
      "gsax_pg": -0.11208333333333324,
      "games": 24,
      "team": "FLA"
    },
    "Kevin Lankinen": {
      "log_adj": -0.09545249999999995,
      "gsax": -11.569999999999993,
      "gsax_pg": -0.28924999999999984,
      "games": 40,
      "team": "VAN"
    },
    "Vitek Vanecek": {
      "log_adj": 0.04394210526315792,
      "gsax": 2.530000000000001,
      "gsax_pg": 0.13315789473684217,
      "games": 19,
      "team": "UTA"
    },
    "Andrei Vasilevskiy": {
      "log_adj": 0.132,
      "gsax": 22.689999999999998,
      "gsax_pg": 0.46306122448979586,
      "games": 49,
      "team": "TBL"
    },
    "Alex Nedeljkovic": {
      "log_adj": -0.051700000000000024,
      "gsax": -5.170000000000002,
      "gsax_pg": -0.15666666666666673,
      "games": 33,
      "team": "SJS"
    },
    "Thatcher Demko": {
      "log_adj": 0.03266999999999995,
      "gsax": 1.9799999999999969,
      "gsax_pg": 0.09899999999999984,
      "games": 20,
      "team": "VAN"
    },
    "Linus Ullmark": {
      "log_adj": -0.12395121951219516,
      "gsax": -15.400000000000006,
      "gsax_pg": -0.3756097560975611,
      "games": 41,
      "team": "OTT"
    },
    "Logan Thompson": {
      "log_adj": 0.132,
      "gsax": 28.689999999999998,
      "gsax_pg": 0.5738,
      "games": 50,
      "team": "WSH"
    },
    "Ilya Sorokin": {
      "log_adj": 0.132,
      "gsax": 29.460000000000008,
      "gsax_pg": 0.6404347826086958,
      "games": 46,
      "team": "NYI"
    },
    "Jake Oettinger": {
      "log_adj": 0.004232608695652199,
      "gsax": 0.5900000000000034,
      "gsax_pg": 0.012826086956521814,
      "games": 46,
      "team": "DAL"
    },
    "Anthony Stolarz": {
      "log_adj": -0.0994304347826087,
      "gsax": -6.93,
      "gsax_pg": -0.30130434782608695,
      "games": 23,
      "team": "TOR"
    },
    "Jake Allen": {
      "log_adj": 0.06785624999999998,
      "gsax": 6.579999999999998,
      "gsax_pg": 0.20562499999999995,
      "games": 32,
      "team": "NJD"
    },
    "Anton Forsberg": {
      "log_adj": 0.03322758620689657,
      "gsax": 2.9200000000000017,
      "gsax_pg": 0.10068965517241385,
      "games": 29,
      "team": "LAK"
    },
    "Akira Schmid": {
      "log_adj": -0.009705882352941177,
      "gsax": -1.0,
      "gsax_pg": -0.029411764705882353,
      "games": 34,
      "team": "VGK"
    },
    "Jeremy Swayman": {
      "log_adj": 0.132,
      "gsax": 28.340000000000003,
      "gsax_pg": 0.5904166666666667,
      "games": 48,
      "team": "BOS"
    },
    "Connor Hellebuyck": {
      "log_adj": 0.057681249999999906,
      "gsax": 8.389999999999986,
      "gsax_pg": 0.17479166666666637,
      "games": 48,
      "team": "WPG"
    },
    "Samuel Montembeault": {
      "log_adj": -0.06494400000000002,
      "gsax": -4.920000000000002,
      "gsax_pg": -0.19680000000000006,
      "games": 25,
      "team": "MTL"
    },
    "Stuart Skinner": {
      "log_adj": 0.06239302325581392,
      "gsax": 8.129999999999995,
      "gsax_pg": 0.18906976744186035,
      "games": 43,
      "team": "PIT"
    },
    "Brandon Bussi": {
      "log_adj": 0.02819999999999993,
      "gsax": 2.819999999999993,
      "gsax_pg": 0.08545454545454524,
      "games": 33,
      "team": "CAR"
    },
    "Elvis Merzlikins": {
      "log_adj": -0.06364285714285721,
      "gsax": -5.400000000000006,
      "gsax_pg": -0.19285714285714306,
      "games": 28,
      "team": "CBJ"
    },
    "Eric Comrie": {
      "log_adj": 0.04650000000000003,
      "gsax": 3.1000000000000014,
      "gsax_pg": 0.14090909090909098,
      "games": 22,
      "team": "WPG"
    },
    "Jet Greaves": {
      "log_adj": 0.1255434782608696,
      "gsax": 17.5,
      "gsax_pg": 0.3804347826086957,
      "games": 46,
      "team": "CBJ"
    },
    "Calvin Pickard": {
      "log_adj": -0.07301249999999998,
      "gsax": -3.539999999999999,
      "gsax_pg": -0.22124999999999995,
      "games": 16,
      "team": "EDM"
    },
    "Dennis Hildeby": {
      "log_adj": 0.132,
      "gsax": 8.909999999999997,
      "gsax_pg": 0.46894736842105245,
      "games": 19,
      "team": "TOR"
    },
    "Devin Cooley": {
      "log_adj": 0.132,
      "gsax": 16.97,
      "gsax_pg": 0.6526923076923077,
      "games": 26,
      "team": "CGY"
    },
    "Scott Wedgewood": {
      "log_adj": 0.12734615384615383,
      "gsax": 15.049999999999997,
      "gsax_pg": 0.3858974358974358,
      "games": 39,
      "team": "COL"
    },