{
  "attack": {
    "VGK": -0.008379439817795582,
    "NYR": -0.12096316745633809,
    "EDM": 0.071574612668876,
    "MTL": 0.041926062203617935,
    "OTT": 0.03493966174764601,
    "DET": -0.025393138126736072,
    "CHI": -0.1993390084920101,
    "WPG": -0.09056777130396992,
    "CBJ": 0.017707451246624737,
    "FLA": -0.02357138425071945,
    "NYI": -0.08500049269434212,
    "BOS": -0.021459104846534294,
    "TOR": -0.07169656424204657,
    "NSH": -0.02425365372771612,
    "PIT": 0.05791224452695478,
    "UTA": -0.019520094797491307,
    "PHI": -0.14690734307605408,
    "SEA": -0.14450702213444305,
    "COL": 0.16251082554990887,
    "WSH": 0.010471874804408664,
    "BUF": 0.033649179494185354,
    "TBL": 0.12510126993125328,
    "ANA": 0.057072499716975755,
    "DAL": 0.02223768679607191,
    "LAK": -0.11183234822726419,
    "STL": -0.2185790485288307,
    "CAR": 0.1286424511279026,
    "MIN": 0.006979068118116077,
    "NJD": -0.07825343177482161,
    "CGY": -0.16121178792556104,
    "VAN": -0.15246888898376973,
    "SJS": -0.05999196427872108
  },
  "defense": {
    "VGK": -0.10437004584144348,
    "NYR": 0.0503366756647009,
    "EDM": -0.02511203854608493,
    "MTL": 0.013630667071152194,
    "OTT": -0.12351052949579275,
    "DET": -0.022096128590821804,
    "CHI": 0.026656532990025156,
    "WPG": 0.03844958056852499,
    "CBJ": 0.01587419459774771,
    "FLA": -0.008782050414626826,
    "NYI": 0.09517585351120726,
    "BOS": 0.06385509548253768,
    "TOR": 0.008150693121869203,
    "NSH": 0.009723862190748056,
    "PIT": 0.00893317788287818,
    "UTA": 0.017595331546674035,
    "PHI": -0.04641551319060809,
    "SEA": 0.023218503443372427,
    "COL": 0.010941579196108317,
    "WSH": 0.037373028607281436,
    "BUF": 0.05999059379529019,
    "TBL": -0.01542718655610912,
    "ANA": 0.0077637317293632255,
    "DAL": -0.018804540209897455,
    "LAK": -0.038158121766754816,
    "STL": -0.028632692055564082,
    "CAR": -0.06309923835964396,
    "MIN": -0.011602255319152599,
    "NJD": -0.00800809201686079,
    "CGY": 0.020914265845945808,
    "VAN": 0.007197992176585233,
    "SJS": -0.014079597050915646
  },
  "home_adv": 0.0370113652571646,
  "log_mu": 1.1679000987970425,
  "rho": 0.09355515808762668,
  "xi": 0.005,
  "current_games": 1118,
  "prior_weight": 0.0,
  "curr_wl_weight": 0.4,
  "curr_metric_weight": 0.6,
  "goalie_ratings": {
    "Igor Shesterkin": {
      "log_adj": 0.132,
      "gsax": 20.330000000000013,
      "gsax_pg": 0.4620454545454548,
      "games": 44,
      "team": "NYR"
    },
    "Justus Annunen": {
      "log_adj": 0.027404347826086906,
      "gsax": 1.9099999999999966,
      "gsax_pg": 0.08304347826086941,
      "games": 23,
      "team": "NSH"
    },
    "Connor Ingram": {
      "log_adj": -0.027087499999999987,
      "gsax": -1.9699999999999989,
      "gsax_pg": -0.08208333333333329,
      "games": 24,
      "team": "EDM"
    },
    "Daniil Tarasov": {
      "log_adj": -0.03698749999999997,
      "gsax": -2.6899999999999977,
      "gsax_pg": -0.11208333333333324,
      "games": 24,
      "team": "FLA"
    },
    "Juuse Saros": {
      "log_adj": -0.04334423076923085,
      "gsax": -6.8300000000000125,
      "gsax_pg": -0.13134615384615408,
      "games": 52,
      "team": "NSH"
    },
    "Karel Vejmelka": {
      "log_adj": 0.07156111111111116,
      "gsax": 11.710000000000008,
      "gsax_pg": 0.216851851851852,
      "games": 54,
      "team": "UTA"
    },
    "Jake Oettinger": {
      "log_adj": 0.023906666666666708,
      "gsax": 3.260000000000005,
      "gsax_pg": 0.07244444444444456,
      "games": 45,
      "team": "DAL"
    },
    "Filip Gustavsson": {
      "log_adj": 0.06645,
      "gsax": 8.86,
      "gsax_pg": 0.20136363636363636,
      "games": 44,
      "team": "MIN"
    },
    "Jacob Fowler": {
      "log_adj": 0.03223846153846162,
      "gsax": 1.2700000000000031,
      "gsax_pg": 0.09769230769230794,
      "games": 13,
      "team": "MTL"
    },
    "Jonas Johansson": {
      "log_adj": -0.132,
      "gsax": -9.780000000000001,
      "gsax_pg": -0.4252173913043479,
      "games": 23,
      "team": "TBL"
    },
    "Leevi Merilinen": {
      "log_adj": -0.132,
      "gsax": -17.299999999999997,
      "gsax_pg": -0.8649999999999999,
      "games": 20,
      "team": "OTT"
    },
    "Alex Nedeljkovic": {
      "log_adj": -0.009487500000000018,
      "gsax": -0.9200000000000017,
      "gsax_pg": -0.028750000000000053,
      "games": 32,
      "team": "SJS"
    },
    "Thatcher Demko": {
      "log_adj": 0.03266999999999995,
      "gsax": 1.9799999999999969,
      "gsax_pg": 0.09899999999999984,
      "games": 20,
      "team": "VAN"
    },
    "Linus Ullmark": {
      "log_adj": -0.132,
      "gsax": -16.47,
      "gsax_pg": -0.41174999999999995,
      "games": 40,
      "team": "OTT"
    },
    "Arvid Soderblom": {
      "log_adj": -0.06709999999999994,
      "gsax": -4.269999999999996,
      "gsax_pg": -0.20333333333333314,
      "games": 21,
      "team": "CHI"
    },
    "Tristan Jarry": {
      "log_adj": -0.042331034482758614,
      "gsax": -3.719999999999999,
      "gsax_pg": -0.1282758620689655,
      "games": 29,
      "team": "EDM"
    },
    "Ilya Sorokin": {
      "log_adj": 0.132,
      "gsax": 25.22999999999999,
      "gsax_pg": 0.5734090909090906,
      "games": 44,
      "team": "NYI"
    },
    "Scott Wedgewood": {
      "log_adj": 0.11515263157894742,
      "gsax": 13.260000000000005,
      "gsax_pg": 0.3489473684210528,
      "games": 38,
      "team": "COL"
    },
    "Jeremy Swayman": {
      "log_adj": 0.132,
      "gsax": 27.139999999999986,
      "gsax_pg": 0.577446808510638,
      "games": 47,
      "team": "BOS"
    },
    "Connor Hellebuyck": {
      "log_adj": 0.05013191489361693,
      "gsax": 7.139999999999986,
      "gsax_pg": 0.15191489361702099,
      "games": 47,
      "team": "WPG"
    },
    "Brandon Bussi": {
      "log_adj": 0.028599999999999997,
      "gsax": 2.8599999999999994,
      "gsax_pg": 0.08666666666666666,
      "games": 33,
      "team": "CAR"
    },
    "Carl Lindbom": {
      "log_adj": -0.132,
      "gsax": -4.16,
      "gsax_pg": -0.52,
      "games": 8,
      "team": "VGK"
    },
    "Adin Hill": {
      "log_adj": -0.132,
      "gsax": -11.020000000000003,
      "gsax_pg": -0.5009090909090911,
      "games": 22,
      "team": "VGK"
    },
    "Lukas Dostal": {
      "log_adj": 0.01739375000000001,
      "gsax": 2.530000000000001,
      "gsax_pg": 0.05270833333333336,
      "games": 48,
      "team": "ANA"
    },
    "Joonas Korpisalo": {
      "log_adj": -0.04556538461538466,
      "gsax": -3.5900000000000034,
      "gsax_pg": -0.1380769230769232,
      "games": 26,
      "team": "BOS"
    },
    "Cam Talbot": {
      "log_adj": -0.07955357142857143,
      "gsax": -6.75,
      "gsax_pg": -0.24107142857142858,
      "games": 28,
      "team": "DET"
    },
    "John Gibson": {
      "log_adj": 0.08572978723404251,
      "gsax": 12.209999999999994,
      "gsax_pg": 0.25978723404255305,
      "games": 47,
      "team": "DET"
    },
    "Joel Hofer": {
      "log_adj": 0.07902162162162163,
      "gsax": 8.86,
      "gsax_pg": 0.23945945945945946,
      "games": 37,
      "team": "STL"
    },
    "Casey DeSmith": {
      "log_adj": 0.13136538461538455,
      "gsax": 10.349999999999994,
      "gsax_pg": 0.3980769230769229,
      "games": 26,
      "team": "DAL"
    },
    "Jakub Dobes": {
      "log_adj": 0.05212058823529416,
      "gsax": 5.3700000000000045,
      "gsax_pg": 0.15794117647058836,
      "games": 34,
      "team": "MTL"
    },
    "Joey Daccord": {
      "log_adj": -0.010057142857142867,
      "gsax": -1.2800000000000011,
      "gsax_pg": -0.030476190476190504,
      "games": 42,
      "team": "SEA"
    },
    "Jordan Binnington": {
      "log_adj": -0.132,
      "gsax": -20.439999999999998,
      "gsax_pg": -0.5524324324324323,
      "games": 37,
      "team": "STL"
    },
    "James Reimer": {
      "log_adj": -0.03365999999999999,