{
  "attack": {
    "COL": 0.1677091696016916,
    "EDM": 0.06807352253656798,
    "NYR": -0.11245001489892732,
    "NJD": -0.06452420646036681,
    "WSH": 0.00672556172890593,
    "PHI": -0.13527732535543746,
    "BOS": -0.027708939321917054,
    "NSH": -0.033327590867189956,
    "BUF": 0.02686199848923803,
    "FLA": -0.03181493576822603,
    "SJS": -0.06905144283989106,
    "VAN": -0.16264851524034551,
    "NYI": -0.08278895298923314,
    "TOR": -0.06122208832989311,
    "CBJ": 0.010181787501060129,
    "ANA": 0.06367932266863388,
    "MTL": 0.04248448660824774,
    "CAR": 0.1283526884083512,
    "DAL": 0.013902955302417877,
    "PIT": 0.05811603040167952,
    "VGK": -0.020518045322986164,
    "STL": -0.2218773493505436,
    "DET": -0.02238887373706313,
    "TBL": 0.12465272017224077,
    "CHI": -0.21056658753875876,
    "OTT": 0.02594324083025623,
    "LAK": -0.11113889985764117,
    "WPG": -0.08930717248217017,
    "SEA": -0.1450662982624601,
    "CGY": -0.17032968400094622,
    "MIN": 0.019800778800179674,
    "UTA": -0.01973848452827907
  },
  "defense": {
    "COL": 0.013180899830895626,
    "EDM": -0.027709477249956843,
    "NYR": 0.042460224807476105,
    "NJD": -0.016854592955390588,
    "WSH": 0.04190398539713262,
    "PHI": -0.04930946112466667,
    "BOS": 0.06951495554318055,
    "NSH": 0.009063581396550904,
    "BUF": 0.05269482685170642,
    "FLA": -0.00031968397090645015,
    "SJS": -0.028244949939411117,
    "VAN": 0.01432520217381239,
    "NYI": 0.09097339265928775,
    "TOR": 0.016678938126647787,
    "CBJ": 0.016903341714928372,
    "ANA": 0.0019760226753597412,
    "MTL": 0.025503887385374964,
    "CAR": -0.05717620963691863,
    "DAL": -0.020664031874226385,
    "PIT": 0.006340396194808623,
    "VGK": -0.10561059419729513,
    "STL": -0.028565521486349638,
    "DET": -0.019465342743679025,
    "TBL": -0.017614523074827658,
    "CHI": 0.03624131411155677,
    "OTT": -0.11655198003771683,
    "LAK": -0.03767962001764086,
    "WPG": 0.04386221334784097,
    "SEA": 0.016615771731718406,
    "CGY": 0.01963550707878123,
    "MIN": -0.01495601733327662,
    "UTA": 0.007927388729699367
  },
  "home_adv": 0.031902045063192414,
  "log_mu": 1.1729390513072644,
  "rho": 0.09183181278765072,
  "xi": 0.005,
  "current_games": 1151,
  "prior_weight": 0.0,
  "curr_wl_weight": 0.4,
  "curr_metric_weight": 0.6,
  "goalie_ratings": {
    "Igor Shesterkin": {
      "log_adj": 0.132,
      "gsax": 18.349999999999994,
      "gsax_pg": 0.40777777777777763,
      "games": 45,
      "team": "NYR"
    },
    "Connor Ingram": {
      "log_adj": -0.02348076923076916,
      "gsax": -1.8499999999999943,
      "gsax_pg": -0.07115384615384593,
      "games": 26,
      "team": "EDM"
    },
    "Jonathan Quick": {
      "log_adj": -0.09885652173913045,
      "gsax": -6.890000000000001,
      "gsax_pg": -0.2995652173913044,
      "games": 23,
      "team": "NYR"
    },
    "Juuse Saros": {
      "log_adj": -0.047422222222222164,
      "gsax": -7.759999999999991,
      "gsax_pg": -0.14370370370370353,
      "games": 54,
      "team": "NSH"
    },
    "Karel Vejmelka": {
      "log_adj": 0.05403749999999993,
      "gsax": 9.169999999999987,
      "gsax_pg": 0.16374999999999978,
      "games": 56,
      "team": "UTA"
    },
    "Darcy Kuemper": {
      "log_adj": 0.013702173913043453,
      "gsax": 1.9099999999999966,
      "gsax_pg": 0.04152173913043471,
      "games": 46,
      "team": "LAK"
    },
    "Justus Annunen": {
      "log_adj": 0.014712500000000003,
      "gsax": 1.0700000000000003,
      "gsax_pg": 0.04458333333333334,
      "games": 24,
      "team": "NSH"
    },
    "Joseph Woll": {
      "log_adj": -0.011366666666666622,
      "gsax": -1.2399999999999949,
      "gsax_pg": -0.034444444444444305,
      "games": 36,
      "team": "TOR"
    },
    "Daniil Tarasov": {
      "log_adj": -0.014596153846153918,
      "gsax": -1.1500000000000057,
      "gsax_pg": -0.04423076923076945,
      "games": 26,
      "team": "FLA"
    },
    "Alex Nedeljkovic": {
      "log_adj": -0.056100000000000025,
      "gsax": -5.950000000000003,
      "gsax_pg": -0.17000000000000007,
      "games": 35,
      "team": "SJS"
    },
    "Thatcher Demko": {
      "log_adj": 0.03266999999999995,
      "gsax": 1.9799999999999969,
      "gsax_pg": 0.09899999999999984,
      "games": 20,
      "team": "VAN"
    },
    "James Reimer": {
      "log_adj": -0.07679999999999997,
      "gsax": -2.5599999999999987,
      "gsax_pg": -0.23272727272727262,
      "games": 11,
      "team": "OTT"
    },
    "Linus Ullmark": {
      "log_adj": -0.10882142857142854,
      "gsax": -13.849999999999994,
      "gsax_pg": -0.32976190476190465,
      "games": 42,
      "team": "OTT"
    },
    "Calvin Pickard": {
      "log_adj": -0.07301249999999998,
      "gsax": -3.539999999999999,
      "gsax_pg": -0.22124999999999995,
      "games": 16,
      "team": "EDM"
    },
    "Frederik Andersen": {
      "log_adj": -0.05950999999999996,
      "gsax": -5.409999999999997,
      "gsax_pg": -0.1803333333333332,
      "games": 30,
      "team": "CAR"
    },
    "Arvid Soderblom": {
      "log_adj": -0.039169565217391365,
      "gsax": -2.730000000000004,
      "gsax_pg": -0.11869565217391322,
      "games": 23,
      "team": "CHI"
    },
    "Tristan Jarry": {
      "log_adj": -0.03871999999999996,
      "gsax": -3.519999999999996,
      "gsax_pg": -0.1173333333333332,
      "games": 30,
      "team": "EDM"
    },
    "Ilya Sorokin": {
      "log_adj": 0.132,
      "gsax": 31.889999999999986,
      "gsax_pg": 0.6643749999999997,
      "games": 48,
      "team": "NYI"
    },
    "Jeremy Swayman": {
      "log_adj": 0.132,
      "gsax": 28.78,
      "gsax_pg": 0.5873469387755103,
      "games": 49,
      "team": "BOS"
    },
    "Jake Oettinger": {
      "log_adj": 0.004193749999999996,
      "gsax": 0.6099999999999994,
      "gsax_pg": 0.012708333333333321,
      "games": 48,
      "team": "DAL"
    },
    "John Gibson": {
      "log_adj": 0.08718600000000006,
      "gsax": 13.210000000000008,
      "gsax_pg": 0.26420000000000016,
      "games": 50,
      "team": "DET"
    },
    "Carl Lindbom": {
      "log_adj": -0.132,
      "gsax": -4.16,
      "gsax_pg": -0.52,
      "games": 8,
      "team": "VGK"
    },
    "Casey DeSmith": {
      "log_adj": 0.13004444444444446,
      "gsax": 10.64,
      "gsax_pg": 0.3940740740740741,
      "games": 27,
      "team": "DAL"
    },
    "Jacob Markstrom": {
      "log_adj": -0.09256097560975611,
      "gsax": -11.5,
      "gsax_pg": -0.2804878048780488,
      "games": 41,
      "team": "NJD"
    },
    "Jacob Fowler": {
      "log_adj": 0.046200000000000026,
      "gsax": 1.9600000000000009,
      "gsax_pg": 0.14000000000000007,
      "games": 14,
      "team": "MTL"
    },
    "Connor Hellebuyck": {
      "log_adj": 0.06355799999999998,
      "gsax": 9.629999999999995,
      "gsax_pg": 0.1925999999999999,
      "games": 50,
      "team": "WPG"
    },
    "Nikita Tolopilo": {
      "log_adj": -0.011219999999999957,
      "gsax": -0.509999999999998,
      "gsax_pg": -0.03399999999999987,
      "games": 15,
      "team": "VAN"
    },
    "Samuel Montembeault": {
      "log_adj": -0.06494400000000002,
      "gsax": -4.920000000000002,
      "gsax_pg": -0.19680000000000006,
      "games": 25,
      "team": "MTL"
    },
    "Stuart Skinner": {
      "log_adj": 0.044293333333333275,
      "gsax": 6.039999999999992,
      "gsax_pg": 0.13422222222222205,
      "games": 45,
      "team": "PIT"
    },
    "Devin Cooley": {
      "log_adj": 0.132,
      "gsax": 17.540000000000006,
      "gsax_pg": 0.6496296296296299,
      "games": 27,
      "team": "CGY"
    },
    "Sergei Murashov": {
      "log_adj": -0.132,
      "gsax": -3.5199999999999996,
      "gsax_pg": -0.704,
      "games": 5,
      "team": "PIT"
    },
    "David Rittich": {
      "log_adj": 0.049264285714285795,
      "gsax": 4.180000000000007,
      "gsax_pg": 0.14928571428571452,
      "games": 28,