{
  "attack": {
    "VAN": -0.15470674018105415,
    "NJD": -0.06915691833200086,
    "STL": -0.21685025564343385,
    "PHI": -0.1494058192200548,
    "MIN": 0.011502168821363961,
    "BUF": 0.02802304373092774,
    "CGY": -0.16619269253964059,
    "CHI": -0.19883523617923243,
    "COL": 0.1658331126904466,
    "TBL": 0.12969834602154723,
    "SEA": -0.14366797500582712,
    "NSH": -0.025889547447696053,
    "BOS": -0.028591272923182885,
    "FLA": -0.025865508583634317,
    "CAR": 0.12815597048597788,
    "TOR": -0.062323833729239504,
    "PIT": 0.05520154298432475,
    "WSH": -0.0025110629144962024,
    "VGK": -0.01806012358852931,
    "WPG": -0.08643041863982064,
    "DAL": 0.018414020089659647,
    "DET": -0.02983549292956179,
    "CBJ": 0.01289927090795004,
    "LAK": -0.11860059522385039,
    "ANA": 0.0630834061635818,
    "UTA": -0.026817757605725398,
    "NYI": -0.08125383524304353,
    "EDM": 0.07247324625741716,
    "OTT": 0.027553474459377874,
    "MTL": 0.049385414867131994,
    "NYR": -0.1258259423100651,
    "SJS": -0.062201856401948696
  },
  "defense": {
    "VAN": 0.013007434418109656,
    "NJD": -0.013274728431185831,
    "STL": -0.028302712382736767,
    "PHI": -0.048868448003661025,
    "MIN": -0.01381265627417446,
    "BUF": 0.05456974725069105,
    "CGY": 0.01816077141722984,
    "CHI": 0.032401295272730515,
    "COL": 0.013876933113716905,
    "TBL": -0.008941881333954273,
    "SEA": 0.01873817609892673,
    "NSH": 0.010255777352856515,
    "BOS": 0.07000333912182505,
    "FLA": -0.010212002167324676,
    "CAR": -0.05855459254008456,
    "TOR": 0.016161437778260603,
    "PIT": 0.007041771170458123,
    "WSH": 0.03900387419208789,
    "VGK": -0.10162023786901248,
    "WPG": 0.038607243367832125,
    "DAL": -0.022350899060591428,
    "DET": -0.024185440092101065,
    "CBJ": 0.01839985504679621,
    "LAK": -0.039878271612953944,
    "ANA": 0.006661817743241864,
    "UTA": 0.01484652911842679,
    "NYI": 0.08971087963712954,
    "EDM": -0.024873304761699855,
    "OTT": -0.12471886984874947,
    "MTL": 0.021378082664908916,
    "NYR": 0.046402152392130365,
    "SJS": -0.023677757957156487
  },
  "home_adv": 0.03602746586703017,
  "log_mu": 1.1722520584248435,
  "rho": 0.09136647372067776,
  "xi": 0.005,
  "current_games": 1136,
  "prior_weight": 0.0,
  "curr_wl_weight": 0.4,
  "curr_metric_weight": 0.6,
  "goalie_ratings": {
    "Igor Shesterkin": {
      "log_adj": 0.132,
      "gsax": 18.349999999999994,
      "gsax_pg": 0.40777777777777763,
      "games": 45,
      "team": "NYR"
    },
    "Justus Annunen": {
      "log_adj": 0.0077000000000000315,
      "gsax": 0.5600000000000023,
      "gsax_pg": 0.023333333333333428,
      "games": 24,
      "team": "NSH"
    },
    "Connor Ingram": {
      "log_adj": -0.0275,
      "gsax": -2.0,
      "gsax_pg": -0.08333333333333333,
      "games": 24,
      "team": "EDM"
    },
    "Daniil Tarasov": {
      "log_adj": -0.009371999999999917,
      "gsax": -0.7099999999999937,
      "gsax_pg": -0.02839999999999975,
      "games": 25,
      "team": "FLA"
    },
    "Juuse Saros": {
      "log_adj": -0.04215283018867931,
      "gsax": -6.77000000000001,
      "gsax_pg": -0.12773584905660396,
      "games": 53,
      "team": "NSH"
    },
    "Karel Vejmelka": {
      "log_adj": 0.05495999999999999,
      "gsax": 9.159999999999997,
      "gsax_pg": 0.1665454545454545,
      "games": 55,
      "team": "UTA"
    },
    "Jake Oettinger": {
      "log_adj": 0.011304255319148934,
      "gsax": 1.6099999999999994,
      "gsax_pg": 0.03425531914893616,
      "games": 47,
      "team": "DAL"
    },
    "Andrei Vasilevskiy": {
      "log_adj": 0.13127399999999992,
      "gsax": 19.889999999999986,
      "gsax_pg": 0.3977999999999997,
      "games": 50,
      "team": "TBL"
    },
    "Alex Lyon": {
      "log_adj": 0.132,
      "gsax": 15.780000000000001,
      "gsax_pg": 0.4641176470588236,
      "games": 34,
      "team": "BUF"
    },
    "Eric Comrie": {
      "log_adj": 0.04650000000000003,
      "gsax": 3.1000000000000014,
      "gsax_pg": 0.14090909090909098,
      "games": 22,
      "team": "WPG"
    },
    "Alex Nedeljkovic": {
      "log_adj": -0.06192352941176466,
      "gsax": -6.3799999999999955,
      "gsax_pg": -0.18764705882352928,
      "games": 34,
      "team": "SJS"
    },
    "Thatcher Demko": {
      "log_adj": 0.03266999999999995,
      "gsax": 1.9799999999999969,
      "gsax_pg": 0.09899999999999984,
      "games": 20,
      "team": "VAN"
    },
    "Linus Ullmark": {
      "log_adj": -0.10937142857142859,
      "gsax": -13.920000000000002,
      "gsax_pg": -0.33142857142857146,
      "games": 42,
      "team": "OTT"
    },
    "Carter Hart": {
      "log_adj": -0.132,
      "gsax": -9.2,
      "gsax_pg": -0.7666666666666666,
      "games": 12,
      "team": "VGK"
    },
    "Jet Greaves": {
      "log_adj": 0.12231063829787225,
      "gsax": 17.419999999999987,
      "gsax_pg": 0.37063829787234015,
      "games": 47,
      "team": "CBJ"
    },
    "Jesper Wallstedt": {
      "log_adj": 0.010432258064516172,
      "gsax": 0.980000000000004,
      "gsax_pg": 0.03161290322580658,
      "games": 31,
      "team": "MIN"
    },
    "Lukas Dostal": {
      "log_adj": 0.021955102040816264,
      "gsax": 3.259999999999991,
      "gsax_pg": 0.06653061224489777,
      "games": 49,
      "team": "ANA"
    },
    "Frederik Andersen": {
      "log_adj": -0.05950999999999996,
      "gsax": -5.409999999999997,
      "gsax_pg": -0.1803333333333332,
      "games": 30,
      "team": "CAR"
    },
    "Ilya Sorokin": {
      "log_adj": 0.132,
      "gsax": 31.669999999999987,
      "gsax_pg": 0.6738297872340423,
      "games": 47,
      "team": "NYI"
    },
    "Leevi Merilinen": {
      "log_adj": -0.132,
      "gsax": -17.299999999999997,
      "gsax_pg": -0.8649999999999999,
      "games": 20,
      "team": "OTT"
    },
    "Jeremy Swayman": {
      "log_adj": 0.132,
      "gsax": 28.340000000000003,
      "gsax_pg": 0.5904166666666667,
      "games": 48,
      "team": "BOS"
    },
    "Connor Hellebuyck": {
      "log_adj": 0.06842448979591835,
      "gsax": 10.159999999999997,
      "gsax_pg": 0.20734693877551014,
      "games": 49,
      "team": "WPG"
    },
    "Jake Allen": {
      "log_adj": 0.06785624999999998,
      "gsax": 6.579999999999998,
      "gsax_pg": 0.20562499999999995,
      "games": 32,
      "team": "NJD"
    },
    "Kevin Lankinen": {
      "log_adj": -0.09545249999999995,
      "gsax": -11.569999999999993,
      "gsax_pg": -0.28924999999999984,
      "games": 40,
      "team": "VAN"
    },
    "Jonas Johansson": {
      "log_adj": -0.132,
      "gsax": -9.700000000000003,
      "gsax_pg": -0.4217391304347827,
      "games": 23,
      "team": "TBL"
    },
    "Devin Cooley": {
      "log_adj": 0.132,
      "gsax": 16.97,
      "gsax_pg": 0.6526923076923077,
      "games": 26,
      "team": "CGY"
    },
    "James Reimer": {
      "log_adj": -0.033,
      "gsax": -1.0,
      "gsax_pg": -0.1,
      "games": 10,
      "team": "OTT"
    },
    "Mackenzie Blackwood": {
      "log_adj": 0.09209062500000008,
      "gsax": 8.930000000000007,
      "gsax_pg": 0.2790625000000002,
      "games": 32,
      "team": "COL"
    },
    "Adin Hill": {
      "log_adj": -0.132,
      "gsax": -11.46,
      "gsax_pg": -0.4982608695652174,
      "games": 23,
      "team": "VGK"
    },
    "Arvid Soderblom": {
      "log_adj": -0.030150000000000076,
      "gsax": -2.010000000000005,
      "gsax_pg": -0.09136363636363659,
      "games": 22,
      "team": "CHI"
    },
    "Spencer Knight": {
      "log_adj": 0.10071875000000005,
      "gsax": 14.650000000000006,
      "gsax_pg": 0.30520833333333347,
      "games": 48,
      "team": "CHI"
    },
    "Joonas Korpisalo": {
      "log_adj": -0.0526777777777778,
      "gsax": -4.310000000000002,
      "gsax_pg": -0.1596296296296297,
      "games": 27,
      "team": "BOS"
    },
    "Pyotr Kochetkov": {
      "log_adj": -0.0011000000000000417,